"gene","variant_id","chr","start","end","size","frequency","svtype","clinsv","clinrk"
"ABCC9|AC010197.2|AC018630.2|AC022335.1|AC068775.1|AEBP2|APOLD1|ARHGDIB|ARNTL2|ART4|ATF7IP|BCAT1|BCL2L14|BHLHE41|BORCS5|C12orf60|C12orf71|C2CD5|CAPRIN2|CAPZA3|CASC1|CCDC91|CD69|CDKN1B|CLEC12A|CLEC12B|CLEC1A|CLEC1B|CLEC2A|CLEC2B|CLEC2D|CLEC7A|CLEC9A|CLECL1|CMAS|CREBL2|DDX11|DDX47|DERA|DUSP16|EIF2S3B|EMP1|EPS8|ERGIC2|ERP27|ETFRF1|ETNK1|ETV6|FAM234B|FAR2|FGFR1OP2|GABARAPL1|GOLT1B|GPR19|GPRC5A|GPRC5D|GRIN2B|GSG1|GUCY2C|GYS2|H2AJ|H4-16|HEBP1|IAPP|INTS13|IPO8|IRAG2|ITPR2|KCNJ8|KLHL42|KLRB1|KLRC1|KLRC2|KLRC3|KLRC4|KLRC4-KLRK1|KLRD1|KLRF1|KLRF2|KLRK1|KRAS|LDHB|LMNTD1|LMO3|LRP6|MAGOHB|MANSC1|MANSC4|MED21|MGP|MGST1|MRPS35|OLR1|OVCH1|PDE3A|PDE6H|PIK3C2G|PLBD1|PLCZ1|PLEKHA5|PPFIBP1|PRB1|PRB2|PRB3|PRB4|PRH1|PRH2|PRR4|PTHLH|PTPRO|PYROXD1|RASSF8|RECQL|REP15|RERG|RERGL|SLC15A5|SLCO1A2|SLCO1B1|SLCO1B3|SLCO1B3-SLCO1B7|SLCO1C1|SMCO2|SMCO3|SMIM10L1|SOX5|SPX|SSPN|ST8SIA1|STK38L|STRAP|STYK1|TAS2R10|TAS2R13|TAS2R14|TAS2R19|TAS2R20|TAS2R30|TAS2R31|TAS2R42|TAS2R43|TAS2R46|TAS2R50|TAS2R7|TAS2R8|TAS2R9|TM7SF3|TMEM52B|TMTC1|TSPAN11|WBP11|YBX3","MantaDUP:TANDEM:1:33279:33284:7:0:0","chr12",9405969,31120714,21714745,0,"DUP","nssv15129039|nssv15145922|nssv15146010|nssv15146481|nssv15146543|nssv15146544|nssv15146700|nssv15147501|nssv15147545|nssv15147863|nssv15149123|nssv15149133|nssv15149781|nssv15150128|nssv15150542|nssv15150627|nssv15150645|nssv15152338|nssv15171851|nssv16208328",1
"AC008162.2|AC235565.2|ACSL4|ACTRT1|AGTR2|AIFM1|AKAP14|AL035425.2|AL772284.2|ALG13|AMMECR1|AMOT|APLN|ARHGAP36|ARL13A|ARMCX1|ARMCX2|ARMCX3|ARMCX4|ARMCX5|ARMCX5-GPRASP2|ARMCX6|ATG4A|ATP1B4|BCORL1|BEX1|BEX2|BEX3|BEX4|BEX5|BHLHB9|BTK|C1GALT1C1|CAPN6|CCDC160|CENPI|CHM|CHRDL1|CLDN2|COL4A5|COL4A6|CPXCR1|CSTF2|CT47A1|CT47A10|CT47A11|CT47A12|CT47A2|CT47A3|CT47A4|CT47A5|CT47A6|CT47A7|CT47A8|CT47A9|CT47B1|CT55|CT83|CUL4B|CXorf56|DACH2|DCAF12L1|DCAF12L2|DCX|DIAPH2|DNAAF6|DOCK11|DRP2|ELF4|ENOX2|ESX1|ETDA|ETDB|FAM122B|FAM122C|FAM133A|FAM199X|FRMD7|FRMPD3|GLA|GLRA4|GLUD2|GPC3|GPC4|GPR119|GPRASP1|GPRASP2|GRIA3|GUCY2F|H2BW1|H2BW2|HNRNPH2|HPRT1|HS6ST2|HTR2C|IGSF1|IL13RA1|IL13RA2|IL1RAPL2|IRS4|KCNE5|KIAA1210|KLHL13|KLHL4|LAMP2|LHFPL1|LONRF3|LRCH2|LUZP4|MBNL3|MCTS1|MID2|MORC4|MORF4L2|MOSPD1|NAP1L3|NCBP2L|NDUFA1|NKAP|NKRF|NOX1|NRK|NUP62CL|NXF2|NXF2B|NXF3|NXF5|NXT2|OCRL|OR13H1|PABPC5|PAK3|PCDH11X|PCDH19|PGRMC1|PHF6|PLAC1|PLP1|PLS3|PRPS1|PRR32|PSMD10|PWWP3B|RAB33A|RAB40A|RAB40AL|RAB9B|RADX|RAP2C|RBM41|RBMX2|RBMXL3|RHOXF1|RHOXF2|RHOXF2B|RIPPLY1|RNF113A|RNF128|RPA4|RPL36A|RPL36A-HNRNPH2|RPL39|RTL4|RTL8A|RTL8B|RTL8C|RTL9|SASH3|SEPTIN6|SERPINA7|SERTM2|SH2D1A|SLC25A14|SLC25A43|SLC25A5|SLC25A53|SLC6A14|SMARCA1|SMIM10|SMIM10L2B|SOWAHD|SRPX2|STAG2|STK26|SYTL4|TAF7L|TBC1D8B|TCEAL1|TCEAL2|TCEAL3|TCEAL4|TCEAL5|TCEAL6|TCEAL7|TCEAL8|TCEAL9|TCP11X1|TCP11X2|TENM1|TEX13A|TEX13B|TEX13C|TEX13D|TFDP3|TGIF2LX|THOC2|TIMM8A|TMEM164|TMEM255A|TMEM31|TMEM35A|TMSB15A|TMSB15B|TNMD|TRMT2B|TRPC5|TRPC5OS|TSC22D3|TSPAN6|UBE2A|UPF3B|USP26|UTP14A|VSIG1|WDR44|XIAP|XKRX|XPNPEP2|ZBTB33|ZCCHC12|ZCCHC18|ZDHHC9|ZMAT1|ZNF280C","MantaDUP:TANDEM:174845:0:3:0:0:0","chrX",85568166,135282945,49714779,0,"DUP","nssv15161610|nssv15161628|nssv15161668|nssv15161686|nssv15161778|nssv15161786|nssv15161840|nssv15161841|nssv15161850",2
"ABHD11|AC027644.4|AUTS2|BAZ1B|BCL7B|BUD23|CALN1|CLDN3|CLDN4|DNAJC30|FKBP6|FZD9|GALNT17|METTL27|MLXIPL|NSUN5|POM121|RABGEF1|SBDS|SPDYE11|SPDYE21|SPDYE8|SPDYE9|STX1A|TBL2|TMEM248|TMEM270|TRIM50|TRIM74|TYW1|TYW1B|VPS37D","MantaDEL:77847:0:5:4:0:0","chr7",66729645,73967803,7238158,0,"DEL","nssv15145654|nssv15147057|nssv15147200|nssv15148211|nssv15150234|nssv15153680",3
"AARSD1|AATF|ABCA10|ABCA5|ABCA6|ABCA8|ABCA9|ABCC3|ABI3|AC004223.3|AC004687.2|AC004805.1|AC005670.2|AC005702.1|AC011195.2|AC015813.2|AC046185.1|AC068234.1|AC073508.2|AC099811.2|AC099850.2|AC113554.1|AC127029.3|ACACA|ACBD4|ACE|ACLY|ACSF2|ADAM11|AKAP1|AMZ2|ANKFN1|ANKRD40|ANKRD40CL|AOC2|AOC3|AP2B1|APOH|APPBP2|ARHGAP23|ARHGAP27|ARL17A|ARL17B|ARL4D|ARL5C|ARSG|ASB16|ATP5MC1|ATP6V0A1|ATXN7L3|AXIN2|B4GALNT2|BCAS3|BECN1|BPTF|BRCA1|BRIP1|BTBD17|C17orf113|C17orf50|C17orf58|C17orf64|C17orf67|C17orf78|C17orf80|C17orf98|C1QL1|CA10|CA4|CACNA1G|CACNB1|CACNG1|CACNG4|CACNG5|CALCOCO2|CASC3|CAVIN1|CBX1|CCDC103|CCDC182|CCDC200|CCDC43|CCDC47|CCL14|CCL15|CCL15-CCL14|CCL16|CCL18|CCL23|CCL3|CCL3L3|CCL4|CCL4L2|CCL5|CCR10|CCR7|CD300A|CD300C|CD300E|CD300H|CD300LB|CD300LD|CD300LF|CD300LG|CD79B|CDC27|CDC42EP4|CDC6|CDK12|CDK5RAP3|CEP112|CEP95|CFAP97D1|CHAD|CISD3|CLTC|CNP|CNTD1|CNTNAP1|COA3|COASY|COG1|COIL|COL1A1|COPZ2|COX11|CPSF4L|CRHR1|CSF3|CSH1|CSH2|CSHL1|CUEDC1|CWC25|CYB561|DBF4B|DCAF7|DCAKD|DDX42|DDX5|DDX52|DGKE|DHRS11|DHX40|DHX58|DHX8|DLX3|DLX4|DNAI2|DNAJC7|DUSP14|DUSP3|DYNLL2|EFCAB13|EFCAB3|EFTUD2|EIF1|EME1|EPN3|EPOP|EPX|ERBB2|ERN1|ETV4|EZH1|FAM104A|FAM117A|FAM171A2|FAM187A|FAM20A|FBXL20|FBXO47|FKBP10|FMNL1|FNDC8|FTSJ3|FZD2|G6PC|G6PC3|GAS2L2|GAST|GDPD1|GFAP|GGNBP2|GH1|GH2|GHDC|GIP|GJC1|GJD3|GNA13|GNGT2|GOSR2|GPATCH8|GPR142|GPR179|GPRC5C|GRB7|GRN|GSDMA|GSDMB|HAP1|HCRT|HDAC5|HEATR6|HEATR9|HELZ|HEXIM1|HEXIM2|HIGD1B|HLF|HNF1B|HOXB1|HOXB13|HOXB2|HOXB3|HOXB4|HOXB5|HOXB6|HOXB7|HOXB8|HOXB9|HROB|HSD17B1|HSF5|HSPB9|ICAM2|IFI35|IGF2BP1|IGFBP4|IKZF3|INTS2|ITGA2B|ITGA3|ITGB3|JUP|KANSL1|KAT2A|KAT7|KCNH4|KCNH6|KCNJ16|KCNJ2|KIF18B|KIF19|KIF2B|KLHL10|KLHL11|KPNA2|KPNB1|KRT10|KRT12|KRT13|KRT14|KRT15|KRT16|KRT17|KRT19|KRT20|KRT222|KRT23|KRT24|KRT25|KRT26|KRT27|KRT28|KRT31|KRT32|KRT33A|KRT33B|KRT34|KRT35|KRT36|KRT37|KRT38|KRT39|KRT40|KRT9|KRTAP1-1|KRTAP1-3|KRTAP1-4|KRTAP1-5|KRTAP16-1|KRTAP17-1|KRTAP2-1|KRTAP2-2|KRTAP2-3|KRTAP2-4|KRTAP29-1|KRTAP3-1|KRTAP3-2|KRTAP3-3|KRTAP4-1|KRTAP4-11|KRTAP4-12|KRTAP4-16|KRTAP4-2|KRTAP4-3|KRTAP4-4|KRTAP4-5|KRTAP4-6|KRTAP4-7|KRTAP4-8|KRTAP4-9|KRTAP9-1|KRTAP9-2|KRTAP9-3|KRTAP9-4|KRTAP9-6|KRTAP9-7|KRTAP9-8|KRTAP9-9|LASP1|LHX1|LIG3|LIMD2|LINC00672|LINC02210-CRHR1|LPO|LRRC37A|LRRC37A2|LRRC37A3|LRRC3C|LRRC46|LRRC59|LSM12|LUC7L3|LYZL6|MAP2K6|MAP3K14|MAP3K3|MAPT|MARCHF10|MBTD1|MED1|MED13|MED24|MEIOC|MEOX1|METTL2A|MIEN1|MILR1|MKS1|MLLT6|MLX|MMD|MMP28|MPO|MPP2|MPP3|MRC2|MRM1|MRPL10|MRPL27|MRPL45|MRPS23|MSI2|MSL1|MTMR4|MYCBPAP|MYL4|MYO19|NACA2|NAGLU|NAGS|NAT9|NBR1|NEUROD2|NFE2L1|NGFR|NKIRAS2|NLE1|NME1|NME1-NME2|NME2|NMT1|NOG|NOL11|NPEPPS|NR1D1|NSF|NT5C3B|NXPH3|OR4D1|OR4D2|ORMDL3|OSBPL7|P3H4|PCGF2|PCTP|PDK2|PECAM1|PEX12|PGAP3|PHB|PHOSPHO1|PIGW|PIP4K2B|PITPNC1|PLCD3|PLEKHH3|PLEKHM1|PLXDC1|PNMT|PNPO|POLG2|PPM1D|PPM1E|PPP1R1B|PPP1R9B|PPY|PRAC1|PRAC2|PRKAR1A|PRKCA|PRR11|PRR15L|PRR29|PSMB3|PSMC3IP|PSMC5|PSMD12|PSMD3|PSME3|PTGES3L|PTGES3L-AARSD1|PTRH2|PYY|RAB37|RAB5C|RAD51C|RAD51D|RAMP2|RAPGEFL1|RARA|RASL10B|RDM1|RETREG3|RFFL|RGS9|RND2|RNF43|RNFT1|RPL19|RPL23|RPL27|RPL38|RPRML|RPS6KB1|RSAD1|RUNDC1|RUNDC3A|SAMD14|SCN4A|SCPEP1|SCRN2|SDK2|SEPTIN4|SGCA|SKA2|SKAP1|SLC16A6|SLC25A39|SLC35B1|SLC35G3|SLC39A11|SLC4A1|SLC9A3R1|SLFN11|SLFN12|SLFN12L|SLFN13|SLFN14|SLFN5|SMARCD2|SMARCE1|SMG8|SMIM36|SMURF2|SNF8|SNX11|SOCS7|SOST|SOX9|SP2|SP6|SPAG9|SPATA20|SPATA32|SPOP|SPPL2C|SRCIN1|SRSF1|SSTR2|STAC2|STARD3|STAT3|STAT5A|STAT5B|STH|STRADA|STXBP4|SUPT4H1|SYNRG|TAC4|TACO1|TADA2A|TAF15|TANC2|TBC1D3|TBC1D3B|TBC1D3C|TBC1D3D|TBC1D3E|TBC1D3F|TBC1D3G|TBC1D3H|TBC1D3I|TBC1D3K|TBC1D3L|TBKBP1|TBX2|TBX21|TBX4|TCAP|TEX14|TEX2|THRA|TLK2|TMEM100|TMEM101|TMEM104|TMEM106A|TMEM92|TMUB2|TNS4|TOB1|TOM1L1|TOP2A|TRIM25|TRIM37|TSPOAP1|TTC25|TTLL6|TTYH2|TUBD1|TUBG1|TUBG2|UBE2Z|UBTF|UNC45B|USP32|UTP18|VAT1|VEZF1|VMP1|VPS25|WFIKKN2|WIPF2|WIPI1|WNK4|WNT3|WNT9B|XYLT2|YPEL2|ZNF385C|ZNF652|ZNHIT3|ZPBP2","MantaDUP:TANDEM:148483:0:4:0:0:0","chr17",34977736,74777739,39800003,0,"DUP","nssv15127236|nssv15146325|nssv15147369|nssv15149626",4
"AAAS|ABCD2|AC009779.3|AC012531.3|AC021072.1|AC022506.1|AC023055.1|AC025165.3|AC025165.6|AC025263.2|AC034102.2|AC073610.2|AC073612.1|AC073896.1|AC078815.1|AC078927.1|AC097104.1|AC117378.1|AC137834.1|ACSS3|ACTR6|ACVR1B|ACVRL1|ADAMTS20|ADCY6|AGAP2|ALG10|ALG10B|ALX1|AMDHD1|AMHR2|AMIGO2|AMN1|ANKRD33|ANKRD52|ANKS1B|ANO4|ANO6|ANP32D|APAF1|APOF|AQP2|AQP5|AQP6|ARF3|ARHGAP9|ARHGEF25|ARID2|ARL1|ARNTL2|ASB8|ASCL1|ASIC1|ATF1|ATF7|ATF7-NPFF|ATG101|ATP23|ATP2B1|ATP5F1B|ATP5MC2|ATXN7L3B|AVIL|AVPR1A|B4GALNT1|BAZ2A|BBS10|BCDIN3D|BEST3|BHLHE41|BICD1|BIN2|BLOC1S1|BTG1|C12orf29|C12orf40|C12orf42|C12orf50|C12orf54|C12orf56|C12orf66|C12orf71|C12orf73|C1QL4|CACNB3|CALCOCO1|CAND1|CAPRIN2|CAPS2|CBX5|CCDC184|CCDC38|CCDC59|CCDC65|CCDC91|CCER1|CCNT1|CCT2|CD63|CDK17|CDK2|CDK4|CELA1|CEP290|CEP83|CERS5|CFAP54|CHPT1|CNOT2|CNPY2|CNTN1|COL2A1|COPZ1|COQ10A|COX14|CPM|CPNE8|CPSF6|CRADD|CS|CSAD|CSRNP2|CSRP2|CTDSP2|CYP27B1|DAZAP2|DBX2|DCD|DCN|DCTN2|DDIT3|DDN|DDX11|DDX23|DENND5B|DEPDC4|DGKA|DHH|DIP2B|DNAJC14|DNAJC22|DNM1L|DPY19L2|DRAM1|DTX3|DUSP6|DYRK2|E2F7|EEA1|EEF1AKMT3|EIF4B|ELK3|ENDOU|EPYC|ERBB3|ERGIC2|ESPL1|ESYT1|ETFBKMT|FAIM2|FAM186A|FAM186B|FAM71C|FAR2|FGD4|FGD6|FGFR1OP2|FIGNL2|FKBP11|FMNL3|FRS2|GALNT4|GALNT6|GAS2L3|GDF11|GLI1|GLIPR1|GLIPR1L1|GLIPR1L2|GLS2|GNPTAB|GNS|GPD1|GPR182|GPR84|GRIP1|GTSF1|GXYLT1|H1-7|H3-5|HAL|HDAC7|HELB|HIGD1C|HMGA2|HNRNPA1|HOXC10|HOXC11|HOXC12|HOXC13|HOXC4|HOXC5|HOXC6|HOXC8|HOXC9|HSD17B6|HSP90B1|IFNG|IGF1|IGFBP6|IKBIP|IKZF4|IL22|IL23A|IL26|INHBC|INHBE|INTS13|IPO8|IRAK3|IRAK4|ITGA5|ITGA7|ITGB7|ITPR2|KANSL2|KCNC2|KCNH3|KCNMB4|KERA|KIF21A|KIF5A|KITLG|KLHL42|KMT2D|KRR1|KRT1|KRT18|KRT2|KRT3|KRT4|KRT5|KRT6A|KRT6B|KRT6C|KRT7|KRT71|KRT72|KRT73|KRT74|KRT75|KRT76|KRT77|KRT78|KRT79|KRT8|KRT80|KRT81|KRT82|KRT83|KRT84|KRT85|KRT86|LACRT|LALBA|LARP4|LEMD3|LETMD1|LGR5|LIMA1|LIN7A|LLPH|LMBR1L|LRIG3|LRP1|LRRC10|LRRIQ1|LRRK2|LTA4H|LUM|LYZ|MANSC4|MAP3K12|MARCHF9|MARS1|MBD6|MCRS1|MDM1|MDM2|MED21|METAP2|METTL1|METTL25|METTL7A|METTL7B|MFSD5|MGAT4C|MIP|MMP19|MON2|MRPL42|MRPS35|MSRB3|MUC19|MUCL1|MYBPC1|MYF5|MYF6|MYG1|MYL6|MYL6B|MYO1A|MYRFL|NAB2|NABP2|NACA|NAP1L1|NAV3|NCKAP1L|NCKAP5L|NDUFA12|NDUFA4L2|NEDD1|NELL2|NEMP1|NEUROD4|NFE2|NPFF|NR1H4|NR2C1|NR4A1|NT5DC3|NTN4|NTS|NUDT4|NUP107|NUP37|NXPH4|OR10A7|OR10AD1|OR10P1|OR2AP1|OR5BS1P|OR6C1|OR6C2|OR6C3|OR6C4|OR6C6|OR6C65|OR6C68|OR6C70|OR6C74|OR6C75|OR6C76|OR8S1|OR9K2|ORMDL2|OS9|OSBPL8|OTOGL|OVCH1|PA2G4|PAH|PAN2|PARPBP|PAWR|PCBP2|PCED1B|PDE1B|PDZRN4|PFDN5|PFKM|PHLDA1|PIP4K2C|PKP2|PLEKHG7|PLXNC1|PMCH|PMEL|POC1B|POC1B-GALNT4|POU6F1|PPFIA2|PPFIBP1|PPHLN1|PPM1H|PPP1R12A|PPP1R1A|PRICKLE1|PRIM1|PRKAG1|PRPF40B|PRPH|PRR13|PTGES3|PTHLH|PTPRB|PTPRQ|PTPRR|PUS7L|PYM1|R3HDM2|RAB21|RAB3IP|RAB5B|RACGAP1|RAP1B|RAPGEF3|RARG|RASSF3|RASSF8|RASSF9|RBMS2|RDH16|RDH5|REP15|RESF1|RHEBL1|RND1|RNF41|RPAP3|RPL41|RPS26|RXYLT1|SARNP|SCAF11|SCN8A|SCYL2|SDR9C7|SENP1|SHMT2|SINHCAF|SLC11A2|SLC16A7|SLC17A8|SLC25A3|SLC26A10|SLC2A13|SLC35E3|SLC38A1|SLC38A2|SLC38A4|SLC39A5|SLC48A1|SLC4A8|SLC5A8|SLC6A15|SMAGP|SMARCC2|SMARCD1|SMCO2|SMIM41|SMUG1|SNRPF|SOAT2|SOCS2|SP1|SP7|SPATS2|SPIC|SPRYD3|SPRYD4|SRGAP1|SSPN|STAB2|STAC3|STAT2|STAT6|STK38L|SUOX|SYCP3|SYT1|SYT10|TAC3|TAFA2|TAMALIN|TARBP2|TBC1D15|TBC1D30|TBK1|TESPA1|TEX49|TFCP2|THAP2|TIMELESS|TM7SF3|TMBIM4|TMBIM6|TMCC3|TMDD1|TMEM106C|TMEM117|TMEM19|TMPO|TMPRSS12|TMTC1|TMTC2|TMTC3|TNS2|TPH2|TRHDE|TROAP|TSFM|TSPAN11|TSPAN19|TSPAN31|TSPAN8|TUBA1A|TUBA1B|TUBA1C|TWF1|UBE2N|UHRF1BP1L|USP15|USP44|UTP20|VDR|VEZT|WASHC3|WIF1|WNT1|WNT10B|XPOT|YAF2|YARS2|YEATS4|ZBTB39|ZC3H10|ZCRB1|ZDHHC17|ZFC3H1|ZNF385A|ZNF641|ZNF740","MantaDUP:TANDEM:117538:0:2:0:0:0","chr12",25803245,103965984,78162739,0,"DUP","nssv15161620|nssv15161798|nssv15171852|nssv15171855",5
"ABCC8|ABTB2|AC018523.2|AC084337.2|AC104389.5|AC104389.6|ACCS|ACCSL|ACP2|ADM|AGBL2|AKIP1|AL035078.4|AL049629.2|ALKBH3|ALX4|AMBRA1|AMPD3|ANO3|ANO5|AP000781.2|AP001931.1|AP001931.2|AP002512.3|APBB1|API5|APIP|APLNR|ARFGAP2|ARFIP2|ARHGAP1|ARL14EP|ARNTL|ART1|ART5|ASCL2|ASCL3|ATG13|BBOX1|BDNF|BTBD10|BTBD18|C11orf16|C11orf21|C11orf42|C11orf49|C11orf58|C11orf91|C11orf94|C11orf96|C1QTNF4|CALCA|CALCB|CAPRIN1|CARS1|CAT|CAVIN3|CBLIF|CCDC179|CCDC34|CCDC73|CCDC86|CCKBR|CD44|CD5|CD59|CD6|CD81|CD82|CDKN1C|CELF1|CHRM4|CHRNA10|CHST1|CKAP5|CLP1|CNGA4|CNTF|COMMD9|COPB1|CREB3L1|CRY2|CSNK2A3|CSRP3|CSTF3|CTNND1|CTR9|CYB5R2|CYP2R1|DBX1|DCDC1|DCHS1|DDB2|DENND2B|DENND5A|DEPDC7|DGKZ|DKK3|DNAJC24|DNHD1|DTX4|E2F8|EHF|EIF3F|EIF3M|EIF4G2|ELF5|ELP4|EXT2|F2|FAM111A|FAM111B|FAM160A2|FAM180B|FANCF|FAR1|FBXO3|FIBIN|FJX1|FNBP4|FOLH1|FSHB|GALNT18|GAS2|GLYAT|GLYATL1|GLYATL1B|GLYATL2|GTF2H1|HARBI1|HBB|HBD|HBE1|HBG1|HBG2|HIPK3|HPS5|HPX|HSD17B12|HTATIP2|IFTAP|IGSF22|ILK|IMMP1L|INSC|IPO7|IRAG1|KBTBD4|KCNA4|KCNC1|KCNJ11|KCNQ1|KIAA1549L|KIF18A|LARGE2|LDHA|LDHAL6A|LDHC|LDLRAD3|LGR4|LIN7C|LMO1|LMO2|LPXN|LRP4|LRRC4C|LRRC55|LUZP2|LYVE1|MADD|MAPK8IP1|MDK|MED19|METTL15|MICAL2|MMP26|MPEG1|MPPED2|MRGPRE|MRGPRG|MRGPRX1|MRGPRX2|MRGPRX3|MRGPRX4|MRPL16|MRPL17|MS4A1|MS4A10|MS4A12|MS4A13|MS4A14|MS4A15|MS4A18|MS4A2|MS4A3|MS4A4A|MS4A4E|MS4A5|MS4A6A|MS4A6E|MS4A7|MS4A8|MTCH2|MTRNR2L8|MUC15|MYBPC3|MYOD1|NAP1L4|NAT10|NAV2|NCR3LG1|NDUFS3|NELL1|NLRP10|NLRP14|NR1H3|NRIP3|NUCB2|NUP160|NUP98|OLFML1|OOSP1|OOSP2|OOSP3|OOSP4A|OOSP4B|OR10A2|OR10A3|OR10A4|OR10A5|OR10A6|OR10AG1|OR10Q1|OR10V1|OR10W1|OR1S1|OR1S2|OR2AG1|OR2AG2|OR2D2|OR2D3|OR4A15|OR4A16|OR4A47|OR4A5|OR4A8|OR4B1|OR4C11|OR4C12|OR4C13|OR4C15|OR4C16|OR4C3|OR4C45|OR4C46|OR4C5|OR4C6|OR4D10|OR4D11|OR4D6|OR4D9|OR4P4|OR4S1|OR4S2|OR4X1|OR4X2|OR51A2|OR51A4|OR51A7|OR51B2|OR51B4|OR51B5|OR51B6|OR51C1P|OR51D1|OR51E1|OR51E2|OR51F1|OR51F2|OR51G1|OR51G2|OR51I1|OR51I2|OR51L1|OR51M1|OR51Q1|OR51S1|OR51T1|OR51V1|OR52A1|OR52A5|OR52B2|OR52B4|OR52B6|OR52D1|OR52E1|OR52E2|OR52E4|OR52E5|OR52E6|OR52E8|OR52H1|OR52I1|OR52I2|OR52J3|OR52K1|OR52K2|OR52L1|OR52M1|OR52N1|OR52N2|OR52N4|OR52N5|OR52P1P|OR52R1|OR52W1|OR56A1|OR56A3|OR56A4|OR56A5|OR56B1|OR56B2P|OR56B4|OR5A1|OR5A2|OR5AK2|OR5AK3P|OR5AL1|OR5AN1|OR5AP2|OR5AR1|OR5AS1|OR5B12|OR5B17|OR5B2|OR5B21|OR5B3|OR5D13|OR5D14|OR5D16|OR5D18|OR5D3P|OR5F1|OR5G3|OR5I1|OR5J2|OR5L1|OR5L2|OR5M1|OR5M10|OR5M11|OR5M3|OR5M8|OR5M9|OR5P2|OR5P3|OR5R1|OR5T1|OR5T2|OR5T3|OR5W2|OR6A2|OR6Q1|OR8H1|OR8H2|OR8H3|OR8I2|OR8J1|OR8J2|OR8J3|OR8K1|OR8K3|OR8K5|OR8U1|OR9G1|OR9G4|OR9I1|OR9Q1|OR9Q2|OSBP|OSBPL5|OTOG|OVCH2|P2RX3|PACSIN3|PAMR1|PARVA|PATL1|PAX6|PDE3B|PDHX|PEX16|PGAP2|PHF21A|PHLDA2|PIK3C2A|PLEKHA7|PPFIBP2|PRDM11|PRG2|PRG3|PRMT3|PRPF19|PRR5L|PRRG4|PSMA1|PSMC3|PTGDR2|PTH|PTPMT1|PTPN5|PTPRJ|QSER1|RAG1|RAG2|RAPSN|RASSF10|RBMXL2|RCN1|RHOG|RIC3|RNF141|RPL27A|RPS13|RRAS2|RRM1|RRP8|RTN4RL2|SAA1|SAA2|SAA2-SAA4|SAA4|SAAL1|SBF2|SCUBE2|SELENOH|SERGEF|SERPING1|SLC15A3|SLC17A6|SLC1A2|SLC22A18|SLC22A18AS|SLC35C1|SLC39A13|SLC43A1|SLC43A3|SLC5A12|SLC6A5|SMPD1|SMTNL1|SOX6|SPI1|SPON1|SPTY2D1|SPTY2D1OS|SSRP1|SSU72P2|SSU72P3|SSU72P4|SSU72P5|SSU72P7|STIM1|STK33|STX3|SVIP|SWAP70|SYT13|SYT9|TAF10|TCN1|TCP11L1|TEAD1|TIMM10|TIMM10B|TMEM109|TMEM132A|TMEM41B|TMEM86A|TMEM9B|TMX2|TNKS1BP1|TP53I11|TPH1|TPP1|TRAF6|TRIM21|TRIM22|TRIM3|TRIM34|TRIM44|TRIM48|TRIM49B|TRIM5|TRIM51|TRIM51GP|TRIM6|TRIM6-TRIM34|TRIM64C|TRIM66|TRIM68|TRPM5|TSG101|TSPAN18|TSPAN32|TSSC4|TTC17|TUB|UBE2L6|UBQLN3|UBQLNL|UEVLD|USH1C|USP47|WEE1|WT1|YPEL4|ZBED5|ZDHHC13|ZDHHC5|ZFP91|ZFP91-CNTF|ZNF143|ZNF195|ZNF214|ZNF215|ZNF408|ZP1","MantaDUP:TANDEM:1:31208:31210:0:0:0","chr11",2187993,61116853,58928860,0,"DUP","nssv15149913|nssv15150821|nssv16208290",6
"ACBD3|AIDA|AL117348.2|BROX|CAPN2|CAPN8|CCDC185|CDC42BPA|CNIH3|CNIH4|COQ8A|DEGS1|DISP1|DNAH14|ENAH|EPHX1|FAM177B|FBXO28|H3-3A|HHIPL2|ITPKB|LBR|LEFTY1|LEFTY2|LIN9|MIA3|MIXL1|NVL|PARP1|PSEN2|PYCR2|SDE2|SRP9|STUM|SUSD4|TAF1A|TLR5|TMEM63A|TP53BP2|WDR26","MantaDEL:3381:3:4:0:0:0","chr1",221964557,227275239,5310682,0,"DEL","nssv15145745|nssv15146702|nssv16207760",7
"AC004080.3|AC004593.2|AC004691.2|AC005154.5|AC006978.2|ADCYAP1R1|ANLN|AOAH|AQP1|AVL9|BBS9|BMPER|CHN2|CPVL|CREB5|CRHR2|DPY19L1|EEPD1|EVX1|FKBP14|FKBP9|GARS1|GGCT|GHRHR|HERPUD2|HIBADH|HOXA1|HOXA10|HOXA11|HOXA13|HOXA2|HOXA3|HOXA4|HOXA5|HOXA6|HOXA7|HOXA9|INMT|INMT-MINDY4|ITPRID1|JAZF1|KBTBD2|KIAA0895|LSM5|MINDY4|MTURN|NEUROD6|NOD1|NPSR1|NT5C3A|PDE1C|PLEKHA8|PPP1R17|PRR15|RP9|SCRN1|SEPTIN7|TAX1BP1|TBX20|TRIL|WIPF3|ZNRF2","MantaDEL:1:20884:20886:0:0:0","chr7",26936125,36716804,9780679,0,"DEL","nssv15124262|nssv16208120",8
"AC005670.2|ARL17A|ARL17B|GOSR2|KANSL1|LRRC37A|LRRC37A2|NSF|RPRML|WNT3|WNT9B","MantaDEL:149609:0:1:0:0:0","chr17",46097710,47084054,986344,0,"DEL","nssv15129007|nssv15136778",9
"ABCB11|AC012488.2|AC013271.1|AC068547.1|AC079447.1|AC092587.1|AC092835.1|AC093899.2|AC112229.3|ACMSD|ACOXL|ACTR1B|ACTR3|ACVR1|ACVR1C|ACVR2A|ADRA2B|AFF3|AGPS|ALS2|AMER3|AMMECR1L|ANAPC1|ANKAR|ANKRD23|ANKRD30BL|ANKRD36|ANKRD36B|ANKRD36C|ANKRD39|ANKRD44|AOX1|ARHGAP15|ARHGEF4|ARID5A|ARL5A|ARL6IP6|ASDURF|ASNSD1|ASTL|ATF2|ATP5MC3|B3GALT1|BAZ2B|BBS5|BCL2L11|BIN1|BMPR2|BOLL|BUB1|BZW1|C1QL2|C2CD6|C2orf15|C2orf49|C2orf66|C2orf69|C2orf76|C2orf88|C2orf92|CACNB4|CALCRL|CARF|CASP10|CASP8|CAVIN2|CBWD2|CCDC115|CCDC138|CCDC141|CCDC148|CCDC150|CCDC173|CCDC74A|CCDC74B|CCDC93|CCNT2|CD302|CD8B2|CDCA7|CDK15|CERKL|CERS6|CFAP221|CFC1|CFC1B|CFLAR|CHCHD5|CHN1|CHRNA1|CHST10|CIAO1|CIR1|CKAP2L|CLASP1|CLK1|CNGA3|CNNM3|CNNM4|CNOT11|CNTNAP5|COA5|COBLL1|COL3A1|COL5A2|COQ10B|COX5B|CRACDL|CREG2|CSRNP3|CWC22|CXCR4|CYBRD1|CYP20A1|CYP27C1|CYTIP|DAPL1|DARS1|DBI|DCAF17|DDX18|DHRS9|DLX1|DLX2|DNAH7|DNAJC10|DPP10|DPP4|DUSP19|DUSP2|DYNC1I2|ECRG4|EDAR|EIF5B|EN1|EPB41L5|EPC2|ERCC3|ERICH2|ERMN|EVX2|FAHD2A|FAHD2B|FAM117B|FAM126B|FAM168B|FAM171B|FAM178B|FAP|FASTKD1|FBLN7|FER1L5|FHL2|FIGN|FKBP7|FLACC1|FMNL2|FOXD4L1|FRZB|FSIP2|FTCDNL1|FZD7|G6PC2|GAD1|GALNT13|GALNT3|GALNT5|GCA|GCC2|GCG|GLI2|GLS|GORASP2|GPAT2|GPD2|GPR148|GPR155|GPR17|GPR39|GPR45|GRB14|GTDC1|GTF3C3|GULP1|GYPC|HAT1|HECW2|HIBCH|HNMT|HNRNPA3|HOXD1|HOXD10|HOXD11|HOXD12|HOXD13|HOXD3|HOXD4|HOXD8|HOXD9|HS6ST1|HSPD1|HSPE1|HSPE1-MOB4|ICA1L|IFIH1|IGKV1OR2-108|IL18R1|IL18RAP|IL1A|IL1B|IL1F10|IL1R1|IL1R2|IL1RL1|IL1RL2|IL1RN|IL36A|IL36B|IL36G|IL36RN|IL37|IMP4|INHBB|INPP1|INPP4A|INSIG2|ITGA4|ITGA6|ITGAV|ITGB6|ITPRID2|ITPRIPL1|IWS1|KANSL3|KCNH7|KCNIP3|KCNJ3|KCTD18|KIAA2012|KIF5C|KLHL23|KLHL41|KYNU|LCT|LIMS1|LIMS2|LIMS3|LIMS4|LIPT1|LMAN2L|LNPK|LONRF2|LRP1B|LRP2|LY75|LY75-CD302|LYG1|LYG2|LYPD1|LYPD6|LYPD6B|MAIP1|MAL|MALL|MAP3K19|MAP3K2|MAP3K20|MAP4K4|MARCHF7|MARCO|MARS2|MBD5|MCM6|MERTK|METAP1D|METTL5|METTL8|MFSD6|MFSD9|MGAT4A|MGAT5|MITD1|MMADHC|MOB4|MPP4|MRPL30|MRPS5|MRPS9|MSTN|MTLN|MTX2|MYO1B|MYO3B|MYO7B|MZT2A|MZT2B|NAB1|NABP1|NBEAL1|NCAPH|NCK2|NCKAP1|NCKAP5|NDUFB3|NEB|NEMP2|NEURL3|NEUROD1|NFE2L2|NIF3L1|NIFK|NMI|NMS|NOP58|NOSTRIN|NPAS2|NPHP1|NR4A2|NT5DC4|NUP35|NXPH2|OLA1|ORC2|ORC4|ORMDL1|OSBPL6|OSGEPL1|PAX8|PDCL3|PDE11A|PDE1A|PDK1|PGAP1|PHOSPHO2|PJVK|PKP4|PLA2R1|PLCL1|PLEKHA3|PLEKHB2|PMS1|POLR1B|POLR2D|POTEE|POTEF|POTEI|POTEJ|POU3F3|PPIG|PPIL3|PPP1R1C|PRKRA|PROC|PROM2|PRPF40A|PSD4|PSMD14|PTPN18|PTPN4|R3HDM1|RAB3GAP1|RAB6C|RAB6D|RABL2A|RALB|RANBP2|RAPGEF4|RBM43|RBM45|RBMS1|REV1|RFTN2|RFX8|RGPD3|RGPD4|RGPD5|RGPD6|RGPD8|RIF1|RND3|RNF149|RPL31|RPRM|SAP130|SATB2|SCN1A|SCN2A|SCN3A|SCN7A|SCN9A|SCRN3|SCTR|SEMA4C|SEPTIN10|SESTD1|SF3B1|SFT2D3|SGO2|SH3RF3|SLC20A1|SLC25A12|SLC35F5|SLC38A11|SLC39A10|SLC40A1|SLC4A10|SLC5A7|SLC9A2|SLC9A4|SMIM39|SMPD4|SNRNP200|SOWAHC|SP3|SP5|SP9|SPATS2L|SPC25|SPOPL|SSB|ST6GAL2|STAM2|STARD7|STAT1|STAT4|STEAP3|STK17B|STK39|STRADB|SULT1C2|SULT1C3|SULT1C4|SUMO1|TANC1|TANK|TBC1D8|TBR1|TEKT4|TEX51|TFCP2L1|TFPI|TGFBRAP1|THSD7B|TLK1|TMEFF2|TMEM127|TMEM131|TMEM163|TMEM177|TMEM182|TMEM185B|TMEM237|TMEM37|TMEM87B|TNFAIP6|TRAK2|TRIM43|TRIM43B|TSGA10|TSN|TTC21B|TTC30A|TTC30B|TTL|TTN|TUBA3D|TUBA3E|TXNDC9|TYW5|UBE2E3|UBR3|UBXN4|UGGT1|UNC50|UPP2|UXS1|VWA3B|WDR12|WDR33|WDR75|WDSUB1|WIPF1|XIRP2|ZAP70|ZC3H15|ZC3H6|ZC3H8|ZEB2|ZNF2|ZNF385B|ZNF514|ZNF804A|ZRANB3|ZSWIM2","MantaDEL:20370:0:1:0:4:0","chr2",94646810,203251793,108604983,0,"DEL","nssv15124851",10
"ABHD10|ABI3BP|ABTB1|AC021660.3|AC024558.2|AC069444.2|AC083800.1|AC112128.1|ACAD9|ADCY5|ADGRG7|ADPRH|ALCAM|ALDH1L1|ALG1L|ARGFX|ARHGAP31|ARL13B|ARL6|ATG3|ATP6V1A|B4GALT4|BBX|BOC|BTLA|C3orf22|C3orf38|C3orf52|C3orf56|C3orf85|CADM2|CASR|CBLB|CCDC14|CCDC191|CCDC54|CCDC58|CCDC80|CD200|CD200R1|CD200R1L|CD47|CD80|CD86|CD96|CEP97|CFAP100|CFAP44|CFAP91|CFAP92|CGGBP1|CHCHD6|CHMP2B|CHST13|CIP2A|CLDND1|CMSS1|CNBP|COL8A1|COPG1|COX17|CPOX|CRYBG3|CSNKA2IP|CSTA|DCBLD2|DHFR2|DNAJB8|DPPA2|DPPA4|DRD3|DTX3L|DZIP3|EAF2|EEFSEC|EFCAB12|EFCC1|EPHA3|EPHA6|FAM162A|FBXO40|FILIP1L|FRG2C|FSTL1|GABRR3|GAP43|GATA2|GBE1|GCSAM|GOLGB1|GP9|GPR15|GPR156|GRAMD1C|GSK3B|GTF2E1|GTPBP8|GUCA1C|H1-10|H1-8|HACD2|HCLS1|HEG1|HGD|HHLA2|HMCES|HSPBAP1|HTR1F|IFT122|IFT57|IGSF11|ILDR1|IMPG2|IQCB1|ISY1|ISY1-RAB43|ITGB5|KALRN|KBTBD12|KLF15|KPNA1|LNP1|LRRC58|LSAMP|MBD4|MCM2|MGLL|MORC1|MTRNR2L12|MUC13|MYH15|MYLK|NAA50|NDUFB4|NECTIN3|NEPRO|NFKBIZ|NIT2|NR1I2|NSUN3|NXPE3|OR5AC1|OR5AC2|OR5H1|OR5H14|OR5H15|OR5H2|OR5H6|OR5H8|OR5K1|OR5K2|OR5K3|OR5K4|OSBPL11|PARP14|PARP15|PARP9|PCNP|PDIA5|PHLDB2|PLA1A|PLCXD2|PLXNA1|PLXND1|PODXL2|POGLUT1|POLQ|POPDC2|POU1F1|PROS1|PRR20G|QTRT2|RAB43|RAB7A|RABL3|RETNLB|RHO|RIOX2|ROBO1|ROBO2|ROPN1|ROPN1B|RPL24|RPN1|RUVBL1|SEC22A|SEC61A1|SEMA5B|SENP7|SIDT1|SLC12A8|SLC15A2|SLC35A5|SLC41A3|SLC49A4|SLC9C1|SNX4|SPICE1|ST3GAL6|STX19|STXBP5L|TAGLN3|TBC1D23|TEX55|TFG|TIGIT|TIMMDC1|TMCC1|TMEM39A|TMEM45A|TMPRSS7|TOMM70|TPRA1|TRAT1|TRH|TRMT10C|TXNRD3|UMPS|UPK1B|UROC1|USF3|VGLL3|WDR5B|ZBED2|ZBTB11|ZBTB20|ZDHHC23|ZNF148|ZNF654|ZNF717|ZNF80|ZPLD1|ZXDC","MantaDEL:33432:0:1:0:0:0","chr3",75414194,130080590,54666396,0,"DEL","nssv15146259",11
"ABCC9|AC010197.2|AC018630.2|AC022335.1|AC068775.1|AEBP2|APOLD1|ARHGDIB|ARNTL2|ART4|ATF7IP|BCAT1|BCL2L14|BHLHE41|BORCS5|C12orf60|C12orf71|C2CD5|CAPRIN2|CAPZA3|CASC1|CCDC91|CD69|CDKN1B|CLEC12A|CLEC12B|CLEC1A|CLEC1B|CLEC2A|CLEC2B|CLEC2D|CLEC7A|CLEC9A|CLECL1|CMAS|CREBL2|DDX11|DDX47|DERA|DUSP16|EIF2S3B|EMP1|EPS8|ERGIC2|ERP27|ETFRF1|ETNK1|ETV6|FAM234B|FAR2|FGFR1OP2|GABARAPL1|GOLT1B|GPR19|GPRC5A|GPRC5D|GRIN2B|GSG1|GUCY2C|GYS2|H2AJ|H4-16|HEBP1|IAPP|INTS13|IPO8|IRAG2|ITPR2|KCNJ8|KLHL42|KLRB1|KLRC1|KLRC2|KLRC3|KLRC4|KLRC4-KLRK1|KLRD1|KLRF1|KLRF2|KLRK1|KRAS|LDHB|LMNTD1|LMO3|LRP6|MAGOHB|MANSC1|MANSC4|MED21|MGP|MGST1|MRPS35|OLR1|OVCH1|PDE3A|PDE6H|PIK3C2G|PLBD1|PLCZ1|PLEKHA5|PPFIBP1|PRB1|PRB2|PRB3|PRB4|PRH1|PRH2|PRR4|PTHLH|PTPRO|PYROXD1|RASSF8|RECQL|REP15|RERG|RERGL|SLC15A5|SLCO1A2|SLCO1B1|SLCO1B3|SLCO1B3-SLCO1B7|SLCO1C1|SMCO2|SMCO3|SMIM10L1|SOX5|SPX|SSPN|ST8SIA1|STK38L|STRAP|STYK1|TAS2R10|TAS2R13|TAS2R14|TAS2R19|TAS2R20|TAS2R30|TAS2R31|TAS2R42|TAS2R43|TAS2R46|TAS2R50|TAS2R7|TAS2R8|TAS2R9|TM7SF3|TMEM52B|TMTC1|TSPAN11|WBP11|YBX3","MantaDEL:1:33279:33284:0:0:0","chr12",9406255,31118366,21712111,0,"DEL","nssv15147132",12
"ABHD11|AC027644.4|AUTS2|BAZ1B|BCL7B|BUD23|CALN1|CLDN3|CLDN4|DNAJC30|FKBP6|FZD9|GALNT17|METTL27|MLXIPL|NSUN5|POM121|RABGEF1|SBDS|SPDYE11|SPDYE21|SPDYE8|SPDYE9|STX1A|TBL2|TMEM248|TMEM270|TRIM50|TRIM74|TYW1|TYW1B|VPS37D","MantaDUP:TANDEM:77847:0:5:0:0:0","chr7",66728520,73967836,7239316,0,"DUP","nssv15146013",13
"AC055811.2|AC098850.3|ADORA2B|AKAP10|ALDH3A1|ALDH3A2|ALKBH5|ATPAF2|B9D1|CCDC144A|CDRT15L2|CENPV|COPS3|DRC3|DRG2|EPN2|EVPLL|FAM83G|FBXW10|FLCN|FLII|FOXO3B|GID4|GRAP|GRAPL|LGALS9B|LGALS9C|LLGL1|LRRC75A|MAPK7|MED9|MFAP4|MIEF2|MPRIP|MYO15A|NCOR1|NT5M|PEMT|PIGL|PLD6|PRPSAP2|RAI1|RASD1|RNF112|SHMT1|SLC47A1|SLC47A2|SLC5A10|SMCR8|SPECC1|SREBF1|TBC1D28|TNFRSF13B|TOM1L2|TOP3A|TRIM16L|TRPV2|TTC19|TVP23B|UBB|ULK2|ZNF287|ZNF624|ZSWIM7","MantaDUP:TANDEM:147376:0:1:0:0:0","chr17",15819872,20637948,4818076,4.6e-05,"DUP","nssv15124254|nssv15127246|nssv15128121|nssv15128226|nssv15130147|nssv15132162|nssv15132163|nssv15132415|nssv15132416|nssv15132418|nssv15132522|nssv15132744|nssv15133043|nssv15133505|nssv15133507|nssv15133509|nssv15133510|nssv15133511|nssv15133512|nssv15133800|nssv15134745|nssv15134920|nssv15136683|nssv15138079|nssv15138119|nssv15138264|nssv15138295|nssv15138822|nssv15139336|nssv15139892|nssv15140285|nssv15141666|nssv15142524|nssv15143128|nssv15145036|nssv15145717|nssv15147814|nssv15149699|nssv15151838|nssv15153063|nssv15173356",14
"AC091057.6|ARHGAP11A|ARHGAP11B|CHRNA7|FAN1|GOLGA8K|GOLGA8N|GOLGA8O|KLF13|MTMR10|OTUD7A|TRPM1","MantaDUP:TANDEM:135791:0:3:0:0:0","chr15",30632211,32622282,1990071,0.002582,"DUP","nssv15122403|nssv15124571|nssv15130141|nssv15132860|nssv15133792|nssv15135172|nssv15139072|nssv15139765|nssv15141190|nssv15142087|nssv15145028|nssv15145443|nssv15148545|nssv15149749|nssv15150177|nssv15150432|nssv15172466|nssv15172963|nssv15605926|nssv15605927|nssv15774550|nssv15774735|nssv16207629",15
"AC069257.3|BDH1|CEP19|DLG1|FBXO45|MELTF|NCBP2|NCBP2AS2|NRROS|PAK2|PCYT1A|PIGX|PIGZ|RNF168|SENP5|SLC51A|SMCO1|TCTEX1D2|TFRC|TM4SF19|TM4SF19-TCTEX1D2|UBXN7|WDR53|ZDHHC19","MantaDUP:TANDEM:40384:1:3:0:1:0","chr3",195940621,197638108,1697487,0.000323,"DUP","nssv15131768|nssv15132327|nssv15132602|nssv15133223|nssv15133224|nssv15133225|nssv15134459|nssv15134460|nssv15145479|nssv15148110|nssv15149110|nssv15150959|nssv15152871|nssv15153553|nssv15153554|nssv15164260|nssv15165466|nssv15775054",16
"AC008676.3|ADAM19|ADRA1B|ATP10B|C1QTNF2|C5orf52|CCNG1|CCNJL|CLINT1|CNOT8|CYFIP2|EBF1|FABP6|FAM114A2|FAM71B|FAXDC2|FNDC9|GABRA1|GABRA6|GABRB2|GABRG2|GALNT10|GEMIN5|GRIA1|HAND1|HAVCR1|HAVCR2|HMMR|IL12B|ITK|KIF4B|LARP1|LSM11|MAT2B|MED7|MFAP3|MRPL22|NIPAL4|NMUR2|NUDCD2|PPP1R2B|PTTG1|PWWP2A|RNF145|SAP30L|SGCD|SLU7|SOX30|THG1L|TIMD4|TTC1|UBLCP1|ZBED8","MantaDEL:1:16693:16694:0:0:0","chr5",151982653,165182937,13200284,4.6e-05,"DEL","nssv15123550|nssv15132181|nssv15134758|nssv15147040|nssv16208049",17
"AC138894.1|APOBR|ATP2A1|ATXN2L|CD19|CLN3|EIF3C|IL27|LAT|NFATC2IP|NPIPB11|NPIPB7|NPIPB8|NPIPB9|NUPR1|RABEP2|SGF29|SH2B1|SPNS1|SULT1A1|SULT1A2|TUFM","MantaDUP:TANDEM:1:41144:41145:0:0:0","chr16",28470513,29397828,927315,0.001397,"DUP","nssv15133018|nssv15133706|nssv15150514|nssv15774951",18
"AAMDC|AASDHPPT|ABCG4|ACAT1|ACER3|ALG8|ALG9|ALKBH8|AMOTL1|ANAPC15|ANGPTL5|ANKK1|ANKRD42|ANKRD49|ANO1|AP000812.4|AP000812.5|AP001267.5|AP001273.2|AP001781.2|AP002373.1|AP002495.1|AP002884.2|APOA1|APOA4|APOA5|APOC3|AQP11|ARAP1|ARCN1|ARHGAP20|ARHGAP42|ARHGEF12|ARHGEF17|ARRB1|ATG16L2|ATM|ATP5MG|B3GNT6|BACE1|BCL9L|BCO2|BIRC2|BIRC3|BLID|BTG4|BUD13|C11orf1|C11orf52|C11orf53|C11orf54|C11orf65|C11orf71|C11orf87|C11orf88|C11orf97|C1QTNF5|C2CD2L|C2CD3|CADM1|CAPN5|CARD16|CARD17|CARD18|CASP1|CASP12|CASP4|CASP5|CBL|CCDC153|CCDC81|CCDC82|CCDC83|CCDC84|CCDC89|CCDC90B|CD3D|CD3E|CD3G|CEP126|CEP164|CEP295|CEP57|CFAP300|CHORDC1|CHRDL2|CLDN25|CLNS1A|CLPB|CNTN5|COA4|COLCA2|CREBZF|CRYAB|CTSC|CTTN|CUL5|CWC15|CWF19L2|CXCR5|DCUN1D5|DDI1|DDIAS|DDX10|DDX6|DEFB108B|DEFB131B|DEUP1|DGAT2|DHCR7|DIXDC1|DLAT|DLG2|DNAJB13|DPAGT1|DRD2|DSCAML1|DYNC2H1|EED|ELMOD1|EMSY|ENDOD1|EXPH5|FADD|FAM168A|FAM181B|FAM76B|FAT3|FCHSD2|FDX1|FDXACB1|FGF3|FGF4|FOLR1|FOLR2|FOLR3|FOXR1|FUT4|FXYD2|FXYD6|FXYD6-FXYD2|FZD4|GAB2|GDPD4|GDPD5|GPR83|GRIA4|GRIK4|GRM5|GUCY1A2|GVQW3|H2AX|HEPHL1|HIKESHI|HINFP|HMBS|HSPB2|HSPB2-C11orf52|HTR3A|HTR3B|HYOU1|IFT46|IL10RA|IL18|IL18BP|INPPL1|INTS4|IZUMO1R|JAML|JRKL|KBTBD3|KCNE3|KCTD14|KCTD21|KDM4D|KDM4E|KDM4F|KLHL35|KMT2A|KRTAP5-10|KRTAP5-11|KRTAP5-7|KRTAP5-8|KRTAP5-9|LAMTOR1|LAYN|LIPT2|LRRC32|LRTOMT|MAML2|MAP6|MCAM|ME3|MED17|MFRP|MMP1|MMP10|MMP12|MMP13|MMP20|MMP27|MMP3|MMP7|MMP8|MOGAT2|MPZL2|MPZL3|MRE11|MRPL48|MSANTD4|MTMR2|MTNR1B|MYO7A|NAALAD2|NADSYN1|NARS2|NCAM1|NDUFC2|NDUFC2-KCTD14|NECTIN1|NEU3|NKAPD1|NLRX1|NNMT|NOX4|NPAT|NUMA1|NXPE1|NXPE2|NXPE4|OAF|OMP|OR2AT4|P2RY2|P2RY6|P4HA3|PAAF1|PAFAH1B2|PAK1|PANX1|PCF11|PCSK7|PDE2A|PDGFD|PDZD3|PGM2L1|PGR|PHLDB1|PHOX2A|PICALM|PIH1D2|PIWIL4|PLEKHB1|PLET1|POGLUT3|POLD3|POU2AF1|POU2F3|PPFIA1|PPME1|PPP2R1B|PRCP|PRSS23|PTS|RAB30|RAB38|RAB39A|RAB6A|RBM7|RDX|RELT|REXO2|RNF121|RNF169|RNF214|RNF26|RPS25|RPS3|RSF1|SC5D|SCN2B|SCN4B|SDHD|SERPINH1|SESN3|SHANK2|SIDT2|SIK2|SIK3|SLC35F2|SLC36A4|SLC37A4|SLCO2B1|SLN|SMCO4|SMIM35|SORL1|SPCS2|SRSF8|STARD10|SYTL2|TAF1D|TAGLN|TBCEL|TBCEL-TECTA|TECTA|TENM4|TEX12|THAP12|THRSP|THY1|TIMM8B|TLCD5|TMEM123|TMEM126A|TMEM126B|TMEM135|TMEM25|TMPRSS13|TMPRSS4|TMPRSS5|TPBGL|TRAPPC4|TREH|TRIM29|TRIM49|TRIM49C|TRIM49D1|TRIM49D2|TRIM64|TRIM64B|TRIM77|TRPC6|TSKU|TTC12|TTC36|TYR|UBE4A|UBTFL1|UCP2|UCP3|UPK2|USP2|USP28|USP35|UVRAG|VPS11|VSTM5|WNT11|XRRA1|YAP1|ZBTB16|ZC3H12C|ZNF705E|ZPR1|ZW10","MantaDUP:TANDEM:22762:3:7:0:0:0","chr11",69715016,122282287,52567271,4.6e-05,"DUP","nssv15153881",19
"ALAS2|APEX2|FAM104B|FAM120C|FAM156A|FAM156B|FGD1|FOXR2|GNL3L|GPR173|HSD17B10|HUWE1|IQSEC2|ITIH6|KANTR|KDM5C|MAGED2|MAGEH1|MTRNR2L10|PAGE2|PAGE2B|PAGE3|PAGE5|PFKFB1|PHF8|RIBC1|SMC1A|TRO|TSPYL2|TSR2|USP51|WNK3|XAGE3","MantaDUP:TANDEM:174098:2:3:0:0:0","chrX",52857691,55652517,2794826,0.00012647,"DUP","nssv15161613",20
"AARD|ABRA|AC009879.2|AC009879.3|AC012213.5|AC022826.2|AC036214.3|AC110275.1|AC144573.1|ADAM18|ADAM2|ADAM32|ADAM9|ADGRA2|ADHFE1|ADRB3|ALKAL1|ANGPT1|ANK1|ANKRD46|ANXA13|AP3M2|ARFGEF1|ARMC1|ASH2L|ASPH|ATAD2|ATP6V0D2|ATP6V1C1|ATP6V1H|AZIN1|BAALC|BAG4|BHLHE22|BPNT2|BRF2|C8orf34|C8orf37|C8orf44|C8orf44-SGK3|C8orf76|C8orf88|C8orf89|CA1|CA13|CA2|CA3|CA8|CALB1|CCN3|CCNE2|CDH17|CEBPD|CHCHD7|CHD7|CHMP4C|CHRNA6|CHRNB3|CIBAR1|CLVS1|CNBD1|CNGB3|COL14A1|COLEC10|COPS5|COX6C|CPA6|CPNE3|CPQ|CRH|CRISPLD1|CSMD3|CSPP1|CTHRC1|CYP7A1|CYP7B1|DCAF13|DCAF4L2|DCSTAMP|DDHD2|DECR1|DEPTOR|DERL1|DKK4|DNAJC5B|DPY19L4|DPYS|DSCC1|DUSP26|E2F5|EBAG9|EFCAB1|EIF3E|EIF3H|EIF4EBP1|ELOC|EMC2|ENPP2|ENY2|ERICH5|ERLIN2|ESRP1|EXT1|EYA1|FABP12|FABP4|FABP5|FABP9|FAM110B|FAM83A|FAM91A1|FBXO32|FBXO43|FER1L6|FGFR1|FNTA|FSBP|FUT10|FZD6|GDAP1|GDF6|GEM|GGH|GINS4|GOLGA7|GOT1L1|GPAT4|GRHL2|HAS2|HEY1|HGSNAT|HNF4G|HOOK3|HTRA4|IDO1|IDO2|IKBKB|IL7|IMPA1|INTS8|JPH1|KAT6A|KCNB2|KCNS2|KCNU1|KCNV1|KLF10|KLHL38|LACTB2|LAPTM4B|LETM2|LRATD2|LRP12|LRRC69|LRRCC1|LSM1|LY96|LYN|LYPLA1|MAK16|MAL2|MATN2|MCM4|MCMDC2|MED30|MMP16|MOS|MRPL13|MRPL15|MRPS28|MSC|MTBP|MTDH|MTERF3|MTFR1|MTSS1|MYBL1|NBN|NCALD|NCOA2|NDUFAF6|NDUFB9|NECAB1|NIPAL2|NKAIN3|NKX6-3|NPBWR1|NSD3|NSMAF|NSMCE2|NTAQ1|NUDCD1|ODF1|OPRK1|OSGIN2|OSR2|OTUD6B|OXR1|PABPC1|PAG1|PCMTD1|PDE7A|PDP1|PENK|PEX2|PI15|PIP4P2|PKHD1L1|PKIA|PLAG1|PLAT|PLEKHA2|PLEKHF2|PLPBP|PLPP5|PMP2|POLB|POLR2K|POMK|POP1|POTEA|PPDPFL|PPP1R42|PRDM14|PREX2|PRKDC|PSKH2|PTDSS1|PXDNL|RAB11FIP1|RAB2A|RAD21|RAD54B|RALYL|RB1CC1|RBIS|RBM12B|RDH10|RGS20|RGS22|RIDA|RIMS2|RIPK2|RMDN1|RNF122|RNF139|RNF170|RNF19A|RP1|RPL30|RPL7|RPS20|RRM2B|RRS1|RSPO2|RUNX1T1|SAMD12|SBSPON|SDC2|SDCBP|SDR16C5|SFRP1|SGK3|SLC10A5|SLC20A2|SLC25A32|SLC26A7|SLC30A8|SLC7A13|SLCO5A1|SMIM19|SNAI2|SNTB1|SNTG1|SNX16|SNX31|SOX17|SPAG1|SPIDR|SQLE|ST18|STAR|STAU2|STK3|STMN2|SULF1|SYBU|TACC1|TAF2|TATDN1|TBC1D31|TCEA1|TCF24|TCIM|TERF1|TGS1|THAP1|TM2D2|TMEM64|TMEM65|TMEM67|TMEM68|TMEM70|TMEM74|TNFRSF11B|TOX|TP53INP1|TPD52|TRAM1|TRHR|TRIB1|TRIM55|TRIQK|TRMT12|TRPA1|TRPS1|TSPYL5|TTI2|TTPA|UBE2V2|UBE2W|UBR5|UBXN2B|UNC5D|UQCRB|UTP23|VCPIP1|VDAC3|VIRMA|VPS13B|VXN|WASHC5|WWP1|XKR4|XKR9|YTHDF3|YWHAZ|ZBTB10|ZC2HC1A|ZFAND1|ZFHX4|ZFPM2|ZHX1|ZHX1-C8orf76|ZHX2|ZMAT4|ZNF572|ZNF703|ZNF704|ZNF706","MantaDEL:7476:1:2:0:0:0","chr8",33380236,127074269,93694033,0,"DEL",NA,21
"ACTL8|ADGRB2|AGMAT|AHDC1|AKR7A2|AKR7A3|AKR7L|AL020996.2|AL049569.3|AL391650.1|ALDH4A1|ALPL|ARHGEF10L|ARHGEF19|ARID1A|ASAP3|ATP13A2|ATP5IF1|AUNIP|BSDC1|C1orf232|C1QA|C1QB|C1QC|CAMK2N1|CAPZB|CASP9|CATSPER4|CCDC28B|CD164L2|CD52|CDA|CDC42|CELA2A|CELA2B|CELA3A|CELA3B|CEP85|CLCNKA|CLCNKB|CLIC4|CNKSR1|CNR2|COL16A1|CPLANE2|CROCC|CRYBG2|CTRC|DCDC2B|DDI2|DDOST|DHDDS|DNAJC16|DNAJC8|E2F2|ECE1|EFHD2|EIF3I|EIF4G3|ELOA|EMC1|EPB41|EPHA2|EPHA8|EPHB2|EXTL1|EYA3|FABP3|FAM110D|FAM131C|FAM167B|FAM229A|FAM43B|FAM76A|FBLIM1|FBXO42|FCN3|FGR|FHAD1|FUCA1|GALE|GMEB1|GPATCH3|GPN2|GPR3|GRHL3|HCRTR1|HDAC1|HMGCL|HMGN2|HNRNPR|HP1BP3|HSPB7|HSPG2|HTR1D|HTR6|ID3|IFFO2|IFI6|IFNLR1|IGSF21|IL22RA1|IQCC|KAZN|KDF1|KDM1A|KHDRBS1|KIF17|KLHDC7A|KPNA6|LACTBL1|LAPTM5|LCK|LDLRAD2|LDLRAP1|LIN28A|LRRC38|LUZP1|LYPLA2|MACO1|MAN1C1|MAP3K6|MARCKSL1|MATN1|MECR|MED18|MFAP2|MICOS10|MICOS10-NBL1|MRTO4|MTFR1L|MUL1|MYOM3|NBL1|NBPF1|NBPF3|NCMAP|NECAP2|NIPAL3|NKAIN1|NR0B2|NUDC|OPRD1|OTUD3|PADI1|PADI2|PADI3|PADI4|PADI6|PAFAH2|PAQR7|PAX7|PDIK1L|PDPN|PEF1|PHACTR4|PIGV|PINK1|PITHD1|PLA2G2A|PLA2G2C|PLA2G2D|PLA2G2E|PLA2G2F|PLA2G5|PLEKHM2|PNRC2|PPP1R8|PRDM2|PTAFR|PTP4A2|PTPRU|PUM1|RAB42|RAP1GAP|RCAN3|RCC1|RCC2|RHCE|RHD|RNF186|RPA2|RPL11|RPS6KA1|RSC1A1|RSRP1|RUNX3|SDC3|SDHB|SELENON|SERINC2|SESN2|SFN|SH2D5|SH3BGRL3|SLC25A34|SLC30A2|SLC66A1|SLC9A1|SMPDL3B|SNRNP40|SPATA21|SPEN|SPOCD1|SRARP|SRRM1|SRSF10|SRSF4|STMN1|STPG1|STX12|SYF2|SYTL1|SZRD1|TAF12|TAS1R2|TCEA3|TENT5B|TEX46|THEMIS2|TINAGL1|TMCO4|TMEM200B|TMEM222|TMEM234|TMEM39B|TMEM50A|TMEM51|TMEM82|TRIM63|TRNAU1AP|TRNP1|TSSK3|TXLNA|UBR4|UBXN10|UBXN11|UQCRHL|USP48|VWA5B1|WASF2|WDTC1|WNT4|XKR8|YTHDF2|ZBTB17|ZBTB40|ZCCHC17|ZDHHC18|ZNF436|ZNF593|ZNF683","MantaDEL:1108:0:1:0:0:0","chr1",13470170,32455505,18985335,0,"DEL",NA,22
"ABCA13|AC010132.3|AC027644.4|AC068533.4|AC092647.5|ADCY1|AEBP1|AMPH|ANLN|AOAH|ASL|AUTS2|BLVRA|BMPER|C7orf25|C7orf57|CAMK2B|CCDC201|CCM2|CCT6A|CDC14C|CDK13|CHCHD2|COA1|COBL|CRCP|DBNL|DDC|DDX56|DPY19L1|EEPD1|EGFR|ELMO1|EPDR1|ERV3-1|FIGNL1|GALNT17|GCK|GLI3|GPR141|GRB10|GUSB|H2AZ2|HECW1|HERPUD2|HUS1|IGFBP1|IGFBP3|IKZF1|INHBA|KCTD7|KIAA0895|LANCL2|MPLKIP|MRPL32|MRPS17|MRPS24|MYL7|MYO1G|NACAD|NIPSNAP2|NME8|NPC1L1|NPSR1|NUDCD3|NUPR2|OGDH|PGAM2|PHKG1|PKD1L1|POLD2|POLM|POM121L12|POU6F2|PPIA|PSMA2|PSPH|PURB|RABGEF1|RALA|RAMP3|SBDS|SEC61G|SEPTIN14|SEPTIN7|SFRP4|SPATA48|SPDYE1|SPDYE21|STARD3NL|STK17A|SUGCT|SUMF2|SUN3|TBRG4|TBX20|TMED4|TMEM248|TNS3|TPST1|TRGC1|TRGC2|TRGJ1|TRGJ2|TRGJP|TRGJP1|TRGJP2|TRGV1|TRGV10|TRGV11|TRGV2|TRGV3|TRGV4|TRGV5|TRGV8|TRGV9|TYW1|UBE2D4|UPP1|URGCP|URGCP-MRPS24|VKORC1L1|VOPP1|VPS41|VSTM2A|VWC2|YAE1|YKT6|ZMIZ2|ZNF107|ZNF117|ZNF138|ZNF273|ZNF479|ZNF679|ZNF680|ZNF713|ZNF716|ZNF722P|ZNF727|ZNF735|ZNF736|ZNF92|ZPBP","MantaDEL:76067:0:1:0:4:0","chr7",34047803,71321867,37274064,0,"DEL",NA,23
"AC007192.1|AC008397.1|AC008397.2|AC010319.2|ANO8|ARRDC2|B3GNT3|BST2|CCDC124|CCDC194|COLGALT1|CRLF1|CRTC1|DDA1|ELL|FCHO1|FKBP8|GDF15|GTPBP3|IFI30|IL12RB1|INSL3|IQCN|ISYNA1|JAK3|JUND|KCNN1|KLHL26|KXD1|LRRC25|LSM4|MAP1S|MAST3|MPV17L2|MVB12A|NIBAN3|NXNL1|PDE4C|PGLS|PGPEP1|PIK3R2|PLVAP|RAB3A|REX1BD|RPL18A|SLC27A1|SLC5A5|SSBP4|TMEM221|TMEM59L|UBA52|UNC13A","MantaDUP:TANDEM:1:52897:52898:0:1:0","chr19",17313484,18689472,1375988,0,"DUP",NA,24
"ALAS2|APEX2|FAM104B|FAM120C|FAM156A|FAM156B|FGD1|FOXR2|GNL3L|GPR173|HSD17B10|HUWE1|IQSEC2|ITIH6|KANTR|KDM5C|MAGED2|MAGEH1|MTRNR2L10|PAGE2|PAGE2B|PAGE3|PAGE5|PFKFB1|PHF8|RIBC1|SMC1A|TRO|TSPYL2|TSR2|USP51|WNK3|XAGE3","MantaDEL:174098:3:4:0:0:0","chrX",52862947,55652535,2789588,0,"DEL",NA,25
"AL033529.1|BSDC1|CCDC28B|DCDC2B|EIF3I|FAM167B|FAM229A|HDAC1|IQCC|KPNA6|LCK|MARCKSL1|RBBP4|SYNC|TMEM234|TSSK3|TXLNA|ZBTB8A|ZBTB8B|ZBTB8OS","MantaDUP:TANDEM:2593:0:1:0:0:0","chr1",32117363,32738495,621132,0,"DUP",NA,26
"AC022384.1|ATG7|ATP2B2|BRK1|FANCD2|FANCD2OS|GHRL|HRH1|IRAK2|SEC13|SLC6A1|SLC6A11|TAMM41|TATDN2|VGLL4|VHL","MantaDUP:TANDEM:1:7619:7621:0:0:0","chr3",10046582,11870462,1823880,0,"DUP",NA,27
"CREB3L3|MAP2K2|PIAS4|ZBTB7A","MantaDEL:5239:0:1:0:0:0","chr19",4005350,4159440,154090,0,"DEL",NA,28
"MYO16|TNFSF13B","MantaDEL:129006:0:1:0:0:0","chr13",108256730,108796816,540086,0,"DEL",NA,29
"EIF2S1|PLEK2","MantaDUP:TANDEM:8188:6:15:0:0:0","chr14",67367354,67396329,28975,0,"DUP",NA,30
"PABPC1","MantaDEL:89986:4:4:0:0:0","chr8",100706805,100706886,81,0,"DEL",NA,31
"BRCA1","injected_for_test","chr17",43045577,43047503,2026,0,"DEL","nssv15130857|nssv15144751|nssv15147730|nssv15149149|nssv16212097|nssv16214257|nssv8639311",32
"ACBD3|AIDA|AL117348.2|BROX|CAPN2|CAPN8|CCDC185|CDC42BPA|CNIH3|CNIH4|COQ8A|DEGS1|DISP1|DNAH14|ENAH|EPHX1|FAM177B|FBXO28|H3-3A|HHIPL2|ITPKB|LBR|LEFTY1|LEFTY2|LIN9|MIA3|MIXL1|NVL|PARP1|PSEN2|PYCR2|SDE2|SRP9|STUM|SUSD4|TAF1A|TLR5|TMEM63A|TP53BP2|WDR26","MantaDUP:TANDEM:3381:2:3:0:0:0","chr1",221964251,227275255,5311004,4.6e-05,"DUP",NA,33
"ASPN|AUH|BICD2|CARD19|CENPP|ECM2|FAM120A|FAM120AOS|FGD3|IARS1|IPPK|NFIL3|NINJ1|NOL8|OGN|OMD|PHF2|ROR2|SPTLC1|SUSD3|WNK2|ZNF484","MantaDUP:TANDEM:1:28018:28052:0:0:0","chr9",90908117,93618908,2710791,4.6e-05,"DUP",NA,34
"CREB3L3|MAP2K2|PIAS4|ZBTB7A","MantaDUP:TANDEM:5239:0:2:0:0:0","chr19",4005252,4159423,154171,4.6e-05,"DUP",NA,35
"MPHOSPH8|PSPC1|TPTE2","MantaDUP:TANDEM:124101:0:1:0:0:0","chr13",19203250,19704634,501384,9.2e-05,"DUP",NA,36
"SETD2","MantaDEL:31796:0:1:0:0:0","chr3",47017668,47031647,13979,4.6e-05,"DEL",NA,37
"TCP1","MantaDEL:72880:0:0:0:0:0","chr6",159780087,159780442,355,0.000138,"DEL",NA,38
"WNK2","MantaDEL:96890:0:0:0:0:0","chr9",93259430,93259484,54,1e-04,"DEL",NA,39
"VAMP7","MantaDEL:176794:0:1:0:0:0","chrX",155803598,155984222,180624,0.000558313,"DEL","nssv15136259",40
"IGKC|IGKJ1|IGKJ2|IGKJ3|IGKJ4|IGKJ5|IGKV1-12|IGKV1-16|IGKV1-17|IGKV1-5|IGKV1-6|IGKV1-8|IGKV1-9|IGKV3-11|IGKV3-15|IGKV3-20|IGKV3-7|IGKV4-1|IGKV5-2","MantaDEL:19882:0:3:0:0:0","chr2",88832771,89142575,309804,0,"DEL",NA,41
"IGHV1-45|IGHV1-46|IGHV1-58|IGHV3-33|IGHV3-35|IGHV3-38|IGHV3-43|IGHV3-48|IGHV3-49|IGHV3-53|IGHV4-31|IGHV4-34|IGHV4-39|IGHV4-59|IGHV5-51","MantaDUP:TANDEM:134601:4:9:0:0:0","chr14",106349005,106638916,289911,0,"DUP",NA,42
"FOLH1|OR4A5|OR4A8|OR4C12|OR4C13|OR4C45|OR4C46|TRIM49B|TRIM51GP|TRIM64C","MantaDEL:110986:0:1:0:0:0","chr11",48726976,55124760,6397784,0,"DEL",NA,43
"FOLH1|OR4A5|OR4A8|OR4C12|OR4C13|OR4C45|OR4C46|TRIM49B|TRIM51GP|TRIM64C","MantaDUP:TANDEM:110986:0:2:0:0:0","chr11",48727153,55125490,6398337,0,"DUP",NA,44
"AL669918.1|HLA-DOB|PSMB8|PSMB9|TAP1|TAP2","MantaDUP:TANDEM:65750:1:3:0:0:0","chr6",32812043,32885631,73588,0,"DUP",NA,45
"IGLV2-18|IGLV2-23|IGLV3-16|IGLV3-19|IGLV3-21|IGLV3-22","MantaDEL:169642:0:1:0:0:0","chr22",22687295,22747866,60571,0,"DEL",NA,46
"TRBV5-4|TRBV5-5|TRBV6-6|TRBV6-7|TRBV7-6","MantaDUP:TANDEM:1:22930:22943:0:0:0","chr7",142461207,142498168,36961,0,"DUP",NA,47
"ATF6|DUSP12|FCRLA|FCRLB","MantaDEL:8775:0:1:0:0:0","chr1",161697941,161830476,132535,0,"DEL",NA,48
"CBWD6|CNTNAP3B|FOXD4L6|SPATA31A6","MantaDEL:1:48271:48673:0:0:0","chr9",40543719,43175326,2631607,0,"DEL",NA,49
"IGHD|IGHG1|IGHG3|IGHM","MantaDEL:1:38932:38936:0:0:0","chr14",105710730,105860980,150250,0,"DEL",NA,50
"IGHV1-45|IGHV1-46|IGHV3-43|IGHV4-39","MantaDEL:51944:8:12:0:0:0","chr14",106418473,106531545,113072,0,"DEL",NA,51
"IGLV1-47|IGLV5-45|IGLV5-48|IGLV7-46","MantaDUP:TANDEM:169602:2:3:1:0:0","chr22",22352795,22376024,23229,0,"DUP",NA,52
"IGHD|IGHG3|IGHM","MantaDEL:1:38936:38937:0:0:0","chr14",105745841,105859921,114080,0,"DEL",NA,53
"IGKV1-8|IGKV3-7","MantaDEL:19888:12:14:0:0:0","chr2",88971105,88998210,27105,0,"DEL",NA,54
"HLA-A|HLA-G","MantaDUP:TANDEM:64978:0:1:0:0:0","chr6",29798045,29954637,156592,0,"DUP",NA,55
"HLA-B|HLA-C","MantaDUP:TANDEM:65223:1:2:0:0:0","chr6",31252807,31345201,92394,0,"DUP",NA,56
"HLA-B|HLA-C","MantaDEL:65406:0:1:0:0:0","chr6",31268730,31353754,85024,0,"DEL",NA,57
"CLPS|CLPSL1","MantaDUP:TANDEM:1:18185:18186:0:0:0","chr6",35786783,35799008,12225,0,"DUP",NA,58
"ZNF431|ZNF714","MantaDUP:TANDEM:159149:0:2:0:0:0","chr19",21089901,21151933,62032,0,"DUP",NA,59
"FHAD1","MantaINS:1:524:524:0:0:0","chr1",15388345,15388346,185,0,"INS",NA,60
"CRYBG2","MantaDEL:2164:0:0:0:0:0","chr1",26345031,26345084,53,0,"DEL",NA,61
"AL033529.1","MantaDUP:TANDEM:2615:0:1:0:0:0","chr1",32500484,32539805,39321,0,"DUP",NA,62
"FOXO6","MantaINS:3202:0:0:0:0:0","chr1",41382200,41382200,200,0,"INS",NA,63
"TRAF3IP3","MantaDUP:TANDEM:11414:0:0:0:0:0","chr1",209761662,209762730,1068,0,"DUP",NA,64
"TRAF3IP3","MantaDEL:11414:0:0:1:1:0","chr1",209761990,209762731,741,0,"DEL",NA,65
"IGKV4-1","MantaBND:19882:0:4:0:0:0:0","chr2",88886152,88886167,15,0,"BND",NA,66
"ANKRD36","MantaDEL:20394:1:2:0:0:0","chr2",97207845,97209764,1919,0,"DEL",NA,67
"IL1RL1","MantaDEL:1:23327:23331:0:0:0","chr2",102350792,102352876,2084,0,"DEL",NA,68
"MFF","MantaDEL:1285:2:9:0:0:0","chr2",227329781,227330623,842,0,"DEL",NA,69
"MFF","MantaDEL:1285:2:3:0:0:0","chr2",227330844,227332416,1572,0,"DEL",NA,70
"LNP1","MantaDUP:TANDEM:34861:0:1:0:0:0","chr3",100451741,100451798,57,0,"DUP",NA,71
"MUC20","MantaDEL:40380:0:1:0:0:0","chr3",195619081,195725704,106623,0,"DEL",NA,72
"MUC4","MantaDUP:TANDEM:40419:8:24:0:0:0","chr3",195788085,195788661,576,0,"DUP",NA,73
"DGKQ","MantaDUP:TANDEM:1:11847:11847:1:1:0","chr4",968179,968291,112,0,"DUP",NA,74
"DSPP","MantaDEL:46431:0:0:0:2:0","chr4",87615923,87616061,138,0,"DEL",NA,75
"AP3S1","MantaBND:11743:0:1:0:1:0:1","chr5",115842100,115842116,16,0,"BND",NA,76
"AP3S1","MantaDEL:11741:1:2:0:0:0","chr5",115902990,115913359,10369,0,"DEL",NA,77
"LVRN","MantaBND:58915:0:1:0:0:0:0","chr5",116015366,116015382,16,0,"BND",NA,78
"HLA-A","MantaDUP:TANDEM:65055:0:1:0:0:0","chr6",29933749,29947079,13330,0,"DUP",NA,79
"MICA","MantaDEL:1:17735:17738:0:0:0","chr6",31388460,31485321,96861,0,"DEL",NA,80
"MICA","MantaDUP:TANDEM:1:17735:17738:1:0:0","chr6",31388647,31485726,97079,0,"DUP",NA,81
"HLA-DRB5","MantaDEL:1:17599:17803:0:0:0","chr6",32505171,32543843,38672,0,"DEL",NA,82
"HLA-DRB5","MantaDEL:1:17599:17803:5:0:0","chr6",32506447,32545469,39022,0,"DEL",NA,83
"SNX9","MantaDEL:72727:0:0:0:1:0","chr6",157867624,157867684,60,0,"DEL",NA,84
"CCDC146","MantaBND:78726:0:1:0:0:0:1","chr7",77167669,77167685,16,0,"BND",NA,85
"COL14A1","MantaBND:1:46930:46931:0:0:0:0","chr8",120313964,120313979,15,0,"BND",NA,86
"ZFAT","MantaDEL:91797:0:1:0:0:0","chr8",133866109,134670259,804150,0,"DEL",NA,87
"SPACA9","MantaDUP:TANDEM:99169:0:1:0:0:0","chr9",132883703,132884881,1178,0,"DUP",NA,88
"TNNT3","MantaDEL:1:31052:31052:0:0:0","chr11",1929825,1929884,59,0,"DEL",NA,89
"CNTN5","MantaBND:1:32572:32572:1:1:0:1","chr11",99819752,99819775,23,0,"BND",NA,90
"ALG10B","MantaDEL:118060:0:1:0:0:0","chr12",34050015,38345794,4295779,0,"DEL",NA,91
"PABPC3","MantaBND:37846:0:2:0:0:0:1","chr13",25096530,25096546,16,0,"BND",NA,92
"MTUS2","MantaDUP:TANDEM:124802:0:1:0:0:0","chr13",29211228,29346508,135280,0,"DUP",NA,93
"BTBD7","MantaBND:760:0:1:1:0:0:1","chr14",93246136,93246150,14,0,"BND",NA,94
"CTSH","MantaDUP:TANDEM:138829:0:1:0:0:0","chr15",78928446,78941676,13230,0,"DUP",NA,95
"MOSMO","MantaDEL:1327:1:6:0:0:0","chr16",22075699,22080695,4996,0,"DEL",NA,96
"KRTAP4-7","MantaBND:149216:0:1:0:0:0:1","chr17",41084549,41084565,16,0,"BND",NA,97
"KRTAP4-6","MantaBND:149216:0:1:0:0:0:0","chr17",41140157,41140173,16,0,"BND",NA,98
"QRICH2","MantaDEL:151633:0:0:0:0:0","chr17",76292824,76292884,60,0,"DEL",NA,99
"SLC38A10","MantaDEL:152107:0:0:0:0:0","chr17",81251213,81251274,61,0,"DEL",NA,100
"PLIN4","MantaDUP:TANDEM:157454:0:0:1:0:0","chr19",4511482,4511877,395,0,"DUP",NA,101
"PLIN4","MantaDEL:157454:0:0:3:0:0","chr19",4511489,4511590,101,0,"DEL",NA,102
"SAMD1","MantaINS:158323:0:0:0:0:0","chr19",14090084,14090084,318,0,"INS",NA,103
"ZNF626","MantaBND:158967:0:2:0:0:0:0","chr19",20624657,20624683,26,0,"BND",NA,104
"ZNF66","MantaBND:158967:0:2:0:0:0:1","chr19",20807167,20807193,26,0,"BND",NA,105
"ZNF676","MantaDEL:159278:0:0:0:0:0","chr19",22180851,22180935,84,0,"DEL",NA,106
"ZNF91","MantaDUP:TANDEM:24546:7:8:1:0:0","chr19",23322877,23468209,145332,0,"DUP",NA,107
"ZNF91","MantaDEL:24546:7:8:0:0:0","chr19",23322987,23465800,142813,0,"DEL",NA,108
"ZNF233","MantaDEL:160676:0:0:0:0:0","chr19",44273995,44274079,84,0,"DEL",NA,109
"KRTAP10-6","MantaBND:168725:1:2:0:0:0:1","chr21",44591798,44591814,16,0,"BND",NA,110
"KRTAP10-7","MantaBND:168725:1:2:0:0:0:0","chr21",44601051,44601067,16,0,"BND",NA,111
"FAM118A","MantaDEL:171313:0:0:0:0:0","chr22",45327999,45328327,328,0,"DEL",NA,112
"EIF2AK3|FABP1|FOXI3|IGKC|IGKJ1|IGKJ2|IGKJ3|IGKJ4|IGKJ5|IGKV1-12|IGKV1-16|IGKV1-17|IGKV1-27|IGKV1-33|IGKV1-37|IGKV1-39|IGKV1-5|IGKV1-6|IGKV1-8|IGKV1-9|IGKV1D-12|IGKV1D-13|IGKV1D-16|IGKV1D-17|IGKV1D-33|IGKV1D-37|IGKV1D-39|IGKV1D-42|IGKV1D-43|IGKV1D-8|IGKV2-24|IGKV2-28|IGKV2-30|IGKV2-40|IGKV2D-24|IGKV2D-26|IGKV2D-28|IGKV2D-29|IGKV2D-30|IGKV2D-40|IGKV3-11|IGKV3-15|IGKV3-20|IGKV3-7|IGKV3D-11|IGKV3D-15|IGKV3D-20|IGKV3D-7|IGKV4-1|IGKV5-2|IGKV6-21|IGKV6D-21|IGKV6D-41|KRCC1|PLGLB2|RGPD2|RPIA|SMYD1|TEX37|THNSL2","MantaDEL:1:5233:5240:2:0:0","chr2",87418263,90298603,2880340,8.5e-05,"DEL",NA,113
"IGKC|IGKJ1|IGKJ2|IGKJ3|IGKJ4|IGKJ5|IGKV1-12|IGKV1-5|IGKV1-6|IGKV1-8|IGKV1-9|IGKV3-11|IGKV3-15|IGKV3-7|IGKV4-1|IGKV5-2","MantaDEL:19882:0:1:0:2:0","chr2",88832772,89099857,267085,0.000461,"DEL",NA,114
"ZNF28|ZNF320|ZNF468|ZNF600|ZNF611|ZNF816|ZNF816-ZNF321P|ZNF888","MantaDEL:161489:0:1:0:0:0","chr19",52683434,52978532,295098,0.002662,"DEL",NA,115
"ZNF28|ZNF320|ZNF468|ZNF600|ZNF611|ZNF816|ZNF816-ZNF321P|ZNF888","MantaDUP:TANDEM:161489:0:1:1:1:0","chr19",52683530,52978766,295236,0.01134,"DUP",NA,116
"EGFR|LANCL2|POM121L12|SEC61G|VOPP1|VSTM2A","MantaDUP:TANDEM:76992:0:1:0:0:0","chr7",51369663,55597750,4228087,4.6e-05,"DUP",NA,117
"IGLV2-14|IGLV2-18|IGLV3-16|IGLV3-19|IGLV3-21","MantaDUP:TANDEM:169621:0:1:1:0:0","chr22",22707443,22765647,58204,0.00023,"DUP",NA,118
"ANKRD10|CARS2|ING1|NAXD","MantaDUP:TANDEM:129157:0:1:0:0:0","chr13",110632762,111083646,450884,0.000645,"DUP",NA,119
"CYP2E1|SCART1|SYCE1","MantaDUP:TANDEM:107785:0:1:0:0:0","chr10",133428991,133573849,144858,0.049691,"DUP",NA,120
"OR52N1|OR52N5|OR56B2P","MantaDEL:108390:0:1:0:0:0","chr11",5763343,5788052,24709,0.361111,"DEL",NA,121
"SPRY3|TMLHE|VAMP7","MantaDUP:TANDEM:176784:0:1:0:0:0","chrX",155641395,155958228,316833,0.000695586,"DUP",NA,122
"AKR7A3|AKR7L","MantaDEL:1604:0:1:0:0:0","chr1",19273133,19287720,14587,0.012492,"DEL",NA,123
"LCE3B|LCE3C","MantaDEL:8231:0:1:0:0:0","chr1",152583066,152615264,32198,0.502397,"DEL",NA,124
"OR2L2|OR2L5","MantaDUP:TANDEM:14085:0:1:0:0:0","chr1",247992291,248039307,47016,0.002074,"DUP",NA,125
"OR8G2P|OR8G3P","MantaDEL:115214:0:2:0:0:0","chr11",124207958,124225441,17483,4.8e-05,"DEL",NA,126
"OR8G2P|OR8G3P","MantaDUP:TANDEM:115221:0:1:0:0:0","chr11",124208803,124225728,16925,0.002452,"DUP",NA,127
"GLB1L2|GLB1L3","MantaDEL:115830:0:1:0:0:0","chr11",134281468,134344370,62902,0.001337,"DEL",NA,128
"SERPINA1|SERPINA2","MantaDUP:TANDEM:65160:3:5:1:0:0","chr14",94363713,94380332,16619,4.8e-05,"DUP",NA,129
"HP|HPR","MantaDEL:144671:0:1:0:0:0","chr16",72054921,72063434,8513,0.006822,"DEL",NA,130
"KRTAP9-6|KRTAP9-7","MantaDEL:149266:0:1:0:0:0","chr17",41265562,41275916,10354,0.639947,"DEL",NA,131
"ZNF347|ZNF415","MantaDEL:161520:0:2:0:0:0","chr19",53099136,53129001,29865,0.000608,"DEL",NA,132
"AL049634.2|SIRPB1","MantaDEL:162215:0:1:0:0:0","chr20",1580455,1613544,33089,0.823453,"DEL",NA,133
"PAGE2|PAGE2B","MantaDEL:174161:0:1:0:0:0","chrX",55076458,55090395,13937,0.0296642,"DEL",NA,134
"AL033529.1","MantaDEL:2615:0:1:1:0:0","chr1",32500829,32539743,38914,0.00027,"DEL",NA,135
"FLG","MantaDUP:TANDEM:8252:0:1:0:0:0","chr1",152304272,152309090,4818,0.290909,"DUP",NA,136
"CAMKMT","MantaDUP:TANDEM:17297:0:1:0:0:0","chr2",44460872,44597988,137116,4.6e-05,"DUP",NA,137
"PNPT1","MantaDUP:TANDEM:17931:0:1:0:0:0","chr2",55683656,55711874,28218,0.018404,"DUP",NA,138
"TUBA3E","MantaDEL:22333:0:1:0:0:0","chr2",130197356,130199830,2474,0.340109,"DEL",NA,139
"LNP1","MantaINS:34861:0:0:0:0:0","chr3",100451756,100451756,57,0.441529,"INS",NA,140
"ALG1L2","MantaDEL:36442:0:1:0:0:0","chr3",130044537,130087902,43365,0.389509,"DEL",NA,141
"MUC20","MantaDEL:40380:1:1:0:0:0","chr3",195725133,195725704,571,9.2e-05,"DEL",NA,142
"MUC20","MantaDUP:TANDEM:40414:2:3:0:0:0","chr3",195727985,195735260,7275,0.422513,"DUP",NA,143
"MUC20","MantaDEL:40414:0:1:0:0:0","chr3",195728069,195744160,16091,0.000277,"DEL",NA,144
"MUC20","MantaDEL:40414:0:3:0:0:0","chr3",195735264,195744160,8896,0.000277,"DEL",NA,145
"MUC4","MantaDEL:40419:0:8:3:3:0","chr3",195780960,195788016,7056,0.002397,"DEL",NA,146
"MYL5","MantaDUP:TANDEM:40762:0:1:0:0:0","chr4",679157,679270,113,0.276149,"DUP",NA,147
"UGT2B15","MantaDEL:45257:1:2:0:0:0","chr4",68580940,68676357,95417,0.390984,"DEL",NA,148
"GHR","MantaDEL:55138:0:1:0:0:0","chr5",42628284,42631022,2738,4.6e-05,"DEL",NA,149
"GSTA1","MantaDUP:TANDEM:1:52365:52366:0:0:0","chr6",52786036,52826632,40596,9.2e-05,"DUP",NA,150
"GSTA1","MantaDUP:TANDEM:1:52363:52366:0:0:0","chr6",52787716,52826700,38984,9.2e-05,"DUP",NA,151
"CYP3A43","MantaDEL:80000:0:1:0:0:0","chr7",99863766,99865939,2173,0.099475,"DEL",NA,152
"SMKR1","MantaDEL:81612:0:1:0:0:0","chr7",129501336,129503364,2028,0.019038,"DEL",NA,153
"MGAM","MantaDUP:TANDEM:82496:0:1:0:0:0","chr7",142060043,142086481,26438,0.011063,"DUP",NA,154
"MGAM","MantaDEL:82465:0:1:0:0:0","chr7",142060722,142087049,26327,0.19351,"DEL",NA,155
"PIDD1","MantaDUP:TANDEM:107979:0:1:0:0:0","chr11",800438,800553,115,0.050312,"DUP",NA,156
"OR52E8","MantaDEL:108421:0:1:0:0:0","chr11",5852754,5862263,9509,0.077533,"DEL",NA,157
"ALG10B","MantaDUP:TANDEM:118060:0:2:0:0:0","chr12",34050019,38346056,4296037,0.00083,"DUP",NA,158
"COMMD6","MantaDUP:TANDEM:127247:0:1:0:0:0","chr13",75533145,75545685,12540,0.575,"DUP",NA,159
"DHRS4L2","MantaDEL:129846:0:1:0:0:0","chr14",23981179,24023940,42761,0.057177,"DEL",NA,160
"AHNAK2","MantaDEL:134532:0:1:0:0:0","chr14",104950835,104951925,1090,0.348148,"DEL",NA,161
"CEP20","MantaDUP:TANDEM:141740:0:1:0:0:0","chr16",15882355,15930403,48048,0.010055,"DUP",NA,162
"MOSMO","MantaDEL:1327:3:6:0:0:0","chr16",22008406,22075485,67079,0.00023,"DEL",NA,163
"LCMT1","MantaDEL:142493:0:1:0:0:0","chr16",25054924,25126079,71155,4.6e-05,"DEL",NA,164
"LCMT1","MantaDUP:TANDEM:142493:0:1:1:0:0","chr16",25055337,25126505,71168,0.000375,"DUP",NA,165
"NPIPB15","MantaDEL:144488:1:1:3:0:1","chr16",74391812,74391938,126,0.00084,"DEL",NA,166
"ZNF493","MantaDEL:159180:0:1:0:0:0","chr19",21423588,21423672,84,0.009375,"DEL",NA,167
"ZNF726","MantaDEL:35171:0:1:0:0:0","chr19",23872773,23967831,95058,9.2e-05,"DEL",NA,168
"ZNF726","MantaDUP:TANDEM:35171:0:1:1:0:0","chr19",23873237,23968265,95028,0.000922,"DUP",NA,169
"ZNF473","MantaDEL:161213:0:1:0:0:0","chr19",50051484,50058115,6631,0.080398,"DEL",NA,170
"ZNF83","MantaDEL:161470:0:1:0:0:0","chr19",52592753,52594355,1602,0.390467,"DEL",NA,171
"ZNF468","MantaDEL:161504:0:1:0:0:0","chr19",52818798,52854991,36193,0.002662,"DEL",NA,172
"ZNF468","MantaDUP:TANDEM:161493:0:1:0:0:0","chr19",52820310,52856341,36031,0.01134,"DUP",NA,173
"VSTM1","MantaDEL:161619:0:1:0:0:0","chr19",54052271,54057388,5117,0.194542,"DEL",NA,174
"CST1","MantaDUP:TANDEM:110993:0:1:0:0:0","chr20",23702785,23765579,62794,0.00023,"DUP",NA,175
"CST1","MantaDEL:110993:0:2:0:0:0","chr20",23702863,23765578,62715,0.000185,"DEL",NA,176
"SMC1B","MantaDUP:TANDEM:171325:0:1:0:0:0","chr22",45349663,45350654,991,0.318121,"DUP",NA,177
